record_id,origin,category,year,range_start,range_end,record_type,confidence,title_en,title_tr,region_en,region_tr,role_en,role_tr,shows_en,shows_tr,does_not_show_en,does_not_show_tr,source_en,source_tr,source_url,source_type
blombos,evidence-strip,threshold,-97974,-100974,-94974,direct,high,Blombos multi-stage ochre processing,Blombos çok aşamalı aşıboyası işlemi,South Africa,Güney Afrika,Method and tacit skill,Yöntem ve örtük beceri,"Shows that a multi-component recipe with an ordered procedure existed roughly 100,000 years ago.",Çok bileşenli bir tarifin ve işlem sırasının yaklaşık 100 bin yıl önce var olduğunu gösterir.,The purpose of the mixture and how it was taught are not directly known.,Karışımın amacı ve nasıl öğretildiği doğrudan bilinmez.,"Science · Henshilwood et al., 2011","Science · Henshilwood ve diğerleri, 2011",https://www.science.org/doi/10.1126/science.1211535,journal-or-preprint
mark,evidence-strip,threshold,-70974,-72474,-69474,direct,medium,The Blombos graphic mark,Blombos grafik işareti,South Africa,Güney Afrika,External symbolic packet,Dışsal sembolik paket,An early example of a graphic mark on a portable surface.,Taşınabilir yüzeyde erken grafik işaret örneğidir.,"It cannot be called writing, nor shown to carry a specific message.",Yazı olduğu veya belirli mesaj taşıdığı söylenemez.,"Nature · Henshilwood et al., 2018","Nature · Henshilwood ve diğerleri, 2018",https://www.nature.com/articles/s41586-018-0514-3,journal-or-preprint
borneo,evidence-strip,threshold,-28974,-30974,-26974,proxy,medium,The Borneo surgical care find,Borneo cerrahi bakım bulgusu,Indonesia,Endonezya,Expertise and live instruction,Uzmanlık ve canlı öğretim,"Points to healing, anatomical and care knowledge having been transmitted.","İyileşme, anatomi ve bakım bilgisinin aktarılmış olabileceğine işaret eder.","How it was taught, and how widespread the technique was, are unknown.",Eğitim düzeni ve tekniğin yaygınlığı bilinmez.,"Nature · Maloney et al., 2022","Nature · Maloney ve diğerleri, 2022",https://www.nature.com/articles/s41586-022-05160-8,journal-or-preprint
gunaikurnai,evidence-strip,threshold,-8974,-9974,-7974,proxy,medium,GunaiKurnai ritual continuity,GunaiKurnai ritüel sürekliliği,Australia,Avustralya,Oral and embodied continuity,Sözlü ve bedensel süreklilik,Suggests that transmission without writing can survive for a very long time.,Yazısız aktarımın çok uzun süre yaşayabileceğini düşündürür.,The reading of 500 unbroken generations is open to debate.,Kesintisiz 500 nesil yorumu tartışmaya açıktır.,Nature Human Behaviour · 2024,Nature Human Behaviour · 2024,https://www.nature.com/articles/s41562-024-01912-w,journal-or-preprint
antikythera,evidence-strip,loss,-150,-205,-60,direct,high,The Antikythera mechanism,Antikythera düzeneği,Aegean · the Hellenistic world,Ege · Helenistik dünya,Applied astronomy left without a manual,Kılavuzsuz kalan uygulamalı astronomi,A single artifact proves that mechanical computation existed in the Hellenistic world — yet the rest of the chain is absent.,"Tek bir eser, Helenistik dünyada mekanik hesaplamanın var olduğunu kanıtlar — ama zincirin geri kalanı yoktur.","It does not show that geared computation was widespread — but neither does it show the absence of a continuing tradition: the specialist literature reads the surviving later geared instruments as evidence of one. Its date (~205 BCE vs ~150-100 BCE), maker and workshop remain disputed. The popular front-dial reconstructions are models fitted to fragmentary evidence, not observations.","Dişli hesaplamanın yaygın olduğunu göstermez — ama kesintisiz bir geleneğin yokluğunu da göstermez: uzman literatürü, hayatta kalan sonraki dişli aletleri süregelen bir geleneğin kanıtı sayar. Yapım tarihi (~MÖ 205 mi ~MÖ 150-100 mü), yapımcısı ve atölyesi hâlâ tartışmalıdır. Popüler ön yüz rekonstrüksiyonları gözlem değil, parçalı kanıta uydurulmuş modellerdir.","Nature · Freeth et al., 2006 (the mechanism); for the later geared tradition, Field & Wright, Annals of Science, 1985","Nature · Freeth ve diğerleri, 2006 (düzenek); sonraki dişli gelenek için Field & Wright, Annals of Science, 1985",https://www.nature.com/articles/nature05357,journal-or-preprint
roman-concrete,evidence-strip,loss,126,-200,235,direct,medium,Roman concrete and hot mixing,Roma betonu ve sıcak karışım,Roman Italy and the Mediterranean,Roma İtalyası ve Akdeniz,A step legible in the material but absent from the texts,"Malzemede okunabilen, metinde olmayan adım","The clasts are a reactive quicklime reservoir produced by hot mixing; lab replicas made this way sealed deliberately induced cracks within two weeks, while quicklime-free controls never healed.","Topaklar, sıcak karışımla üretilen reaktif bir sönmemiş kireç deposudur; bu yolla yapılan laboratuvar kopyaları bilerek açılan çatlakları iki hafta içinde kapattı; sönmemiş kireç içermeyen kontrol örnekleri hiç kapatmadı.","Intentionality is inferred, not documented; some researchers still read the clasts as relict under-burnt lime. Roman concrete is also not “stronger” than modern concrete — it is more durable in seawater and self-repairing; and Roman building knowledge was interrupted, not wholly lost.","Kasıt çıkarımdır, belgelenmiş değildir; bazı araştırmacılar topakları hâlâ eksik pişmiş kalıntı olarak okur. Ayrıca Roma betonu modern betondan “daha güçlü” değildir — deniz suyunda daha dayanıklı ve kendini onarır; Roma yapı bilgisi de tümüyle kaybolmadı, kesintiye uğradı.","Science Advances · Seymour, Maragh, Masic et al., 2023","Science Advances · Seymour, Maragh, Masic ve diğerleri, 2023",https://news.mit.edu/2023/roman-concrete-durability-lime-casts-0106,university
writing,evidence-strip,threshold,-3200,-3400,-3000,direct,high,Early Mesopotamian writing,Erken Mezopotamya yazısı,Southern Mesopotamia,Güney Mezopotamya,Durable external memory,Dayanıklı dış hafıza,Shows an economic record turning into a durable sign system.,Ekonomik kaydın kalıcı işaret sistemine dönüşmesini gösterir.,"Access depended on specialist scribes; it did not carry the whole of experience.","Erişim uzman yazıcılara bağlıydı; bütün deneyimi taşımıyordu.",Metropolitan Museum · The origins of writing,Metropolitan Museum · Yazının kökenleri,https://www.metmuseum.org/essays/the-origins-of-writing,museum-or-archive
linear-b,evidence-strip,loss,-1200,-1250,-1100,direct,high,Loss of the Linear B decoder chain,Linear B çözücü zincirinin kaybı,The Aegean,Ege,A regional break in code and institution,Bölgesel kod ve kurum kopması,A regional case showing that an archive alone is not openable knowledge.,Arşivin tek başına açılabilir bilgi olmadığını gösteren bölgesel örnektir.,It does not show that human knowledge globally declined at the same date.,Küresel insanlık bilgisinin aynı tarihte düştüğünü göstermez.,British Museum · The Mycenaean world,British Museum · Miken dünyası,https://www.britishmuseum.org/collection/galleries/greece-minoans-and-mycenaeans,museum-or-archive
nalanda,evidence-strip,threshold,600,450,1200,proxy,high,The Nalanda teaching network,Nalanda öğretim ağı,South Asia,Güney Asya,Text plus live teaching,Metin ve canlı eğitim,"Shows teachers, debate and curriculum completing the text with context.","Öğretmen, tartışma ve müfredatın metni bağlamla tamamladığını gösterir.","It was not a single, uninterrupted global network.",Tek ve kesintisiz bir küresel ağ değildir.,UNESCO World Heritage · Nalanda,UNESCO Dünya Mirası · Nalanda,https://whc.unesco.org/en/list/1502/,official-or-standards
greek-fire,evidence-strip,loss,950,672,1204,direct,medium,Greek fire and enforced secrecy,Yunan ateşi ve devlet eliyle sır,Byzantine Empire · Constantinople,Bizans İmparatorluğu · Konstantinopolis,A decoder whose circulation was deliberately restricted,Dolaşımı kasten kısıtlanan çözücü,A documented case of a state deliberately restricting the circulation of the decoder.,Bir devletin çözücünün dolaşımını bilerek kısıtladığı belgelenmiş bir vakadır.,"No surviving text gives the actual composition; every modern “reconstruction” is inference from described effects. Whether it was one fixed recipe or a family of petroleum-based mixtures, and whether it was truly lost or simply superseded, are both disputed.","Hiçbir metin gerçek bileşimi vermez; bütün modern “rekonstrüksiyonlar” etkilerden yapılan çıkarımdır. Tek bir sabit tarif mi yoksa petrol esaslı bir karışım ailesi mi olduğu, gerçekten “kaybolmuş” mu yoksa aşılmış mı olduğu tartışmalıdır.","Dumbarton Oaks Texts · Constantine VII, De Administrando Imperio","Dumbarton Oaks · Konstantin VII, De Administrando Imperio",https://www.doaks.org/resources/publications/books/de-administrando-imperio,web
printing,evidence-strip,threshold,1234,751,1455,proxy,high,East Asian and European printing networks,Doğu Asya ve Avrupa baskı ağları,"China, Korea and Europe","Çin, Kore ve Avrupa",Copy fidelity and scale,Kopyalama doğruluğu ve ölçek,Enabled packets to be reproduced more often and more consistently.,Paketlerin daha çok ve tutarlı biçimde çoğaltılmasını sağladı.,"It cannot be reduced to a single inventor or a single civilisational line. This record is an indirect indicator because its claim concerns an effect — the scale and consistency of reproduction — and requires an inference step. The 1234 date also refers to the Sangjeong Gogeum Yemun, of which no copy survives; the event is known from a contemporary postscript by Yi Kyu-bo, preserved in his collected works. The oldest extant metal-type printed book is the Jikji of 1377.","Tek mucide veya tek uygarlık hattına indirgenemez. Bu kayıt dolaylı göstergedir çünkü iddiası bir etkiye ilişkindir — çoğaltmanın ölçek ve tutarlılığı — ve bir çıkarım adımı gerektirir. Ayrıca 1234 tarihi, hiçbir nüshası günümüze ulaşmayan Sangjeong Gogeum Yemun'a aittir; olay, Yi Kyu-bo'nun kendi külliyatında korunan çağdaş bir sonsözünden bilinir. Metal harfle basılmış ayakta kalan en eski kitap 1377 tarihli Jikji'dir.",UNESCO Courier · The master printers of Koryo,UNESCO Courier · Koryo matbaacıları,https://courier.unesco.org/en/articles/200-years-gutenberg-master-printers-koryo,official-or-standards
rongorongo,evidence-strip,loss,1500,1493,1887,direct,medium,The rongorongo script of Rapa Nui,Rapa Nui rongorongo yazısı,"Rapa Nui (Easter Island), Polynesia","Rapa Nui (Paskalya Adası), Polinezya",A sign system whose readers died out within a generation,Okuyucusu bir kuşakta tükenen işaret sistemi,The clearest example of a decoder vanishing on its own while the carrier remains intact.,Taşıyıcı sağlamken çözücünün tek başına yok olabileceğinin en net örneğidir.,"Radiocarbon dates the wood, not the carving — driftwood and reuse are likely. The pre-contact-invention claim rests on a single sample, which is why it remains fragile. Whether rongorongo is full writing, a mnemonic system, or a post-contact response to Spanish documents is still openly contested.","Radyokarbon ahşabı tarihler, oyma anını değil — sürüklenmiş odun ve yeniden kullanım olasıdır. Temas öncesi icat iddiası tek bir örneğe dayanır ve bu haliyle kırılgandır. Rongorongo'nun tam bir yazı mı, bellek desteği mi, yoksa İspanyol belgelerine tepki olarak doğmuş bir sistem mi olduğu hâlâ açıkça tartışılıyor.","Scientific Reports · Ferrara, Tassoni, Kromer et al., 2024","Scientific Reports · Ferrara, Tassoni, Kromer ve diğerleri, 2024",https://www.nature.com/articles/s41598-024-53063-7,journal-or-preprint
maya-codices,evidence-strip,loss,1562,1519,1697,direct,high,The destruction of the Maya codices,Maya kodekslerinin yok edilmesi,"Yucatán, Mesoamerica","Yucatán, Mezoamerika",A carrier erased within a single generation,Taşıyıcının bir kuşakta silinmesi,Shows a civilisation's astronomical and ritual corpus being lost by destroying the carrier while the decoder was still alive.,"Bir uygarlığın astronomi ve ritüel külliyatının, çözücü hâlâ yaşarken taşıyıcı yok edilerek kaybedilebileceğini gösterir.","The often-cited “27 books burned at Maní in July 1562” rests on Diego de Landa's own account, and the true volume is unknowable. The same Landa also recorded the glyph-and-syllable “alphabet” that Knorozov later used to crack Maya writing: the destroyer also supplied part of the key.","Sık alıntılanan “Temmuz 1562'de Maní'de 27 kitap yakıldı” rakamı Diego de Landa'nın kendi anlatısına dayanır ve gerçek hacim bilinemez. Üstelik aynı Landa, Knorozov'un Maya yazısını çözerken kullandığı işaret-hece “alfabesini” de kaydetmiştir: yok eden, anahtarın bir parçasını da bırakmıştır.","SLUB Dresden · The Dresden Maya Codex, Mscr.Dresd.R.310","SLUB Dresden · Dresden Maya Kodeksi, Mscr.Dresd.R.310",https://www.slub-dresden.de/en/explore/manuscripts/the-dresden-maya-codex,web
journal,evidence-strip,threshold,1665,1665,1832,proxy,high,The birth of the scientific journal,Bilimsel derginin doğuşu,"Initially Europe, later international","Başlangıçta Avrupa, sonra uluslararası","Method, evidence and criticism","Yöntem, kanıt ve eleştiri",Strengthened the regular circulation of method and debate alongside results.,Sonuçla birlikte yöntem ve tartışmanın düzenli dolaşımını güçlendirdi.,"It does not mean science began in 1665 — and it certainly does not mean peer review began in 1665. The Royal Society took editorial control and created a Committee of Papers only in 1752; independent referee reports date from the 1830s, and the term “peer review” appears in Science in 1965, settling into ordinary use only in the 1970s. In 1665 the Journal des sçavans (5 January) also preceded Philosophical Transactions (6 March) by two months; the priority question is contested.","Bilimin 1665'te başladığı anlamına gelmez — ve hakemliğin 1665'te başladığı anlamına kesinlikle gelmez. Royal Society yayın denetimini ve Makaleler Komitesi'ni ancak 1752'de kurdu; bağımsız hakem raporları 1830'lara uzanır; “peer review” terimi ise 1965'te Science'ta görülür ve ancak 1970'lerde yerleşir. 1665'te ayrıca Journal des sçavans (5 Ocak) Philosophical Transactions'tan (6 Mart) iki ay önce çıkmıştı; öncelik tartışmalıdır.","Historical Journal · Moxham & Fyfe, 2018","Historical Journal · Moxham & Fyfe, 2018",https://www.cambridge.org/core/journals/historical-journal/article/royal-society-and-the-prehistory-of-peer-review-16651965/93B903FD4D6561AA7224C62EE57B0C18,journal-or-preprint
wootz,evidence-strip,loss,1750,1600,1850,proxy,medium,Damascus (wootz) crucible steel,Şam çeliği (wootz) potası,"South India and Sri Lanka; the Near East","Güney Hindistan ve Sri Lanka; Yakın Doğu",A variable the craftsmen themselves could not see,Ustanın kendisinin de görmediği değişken,Shows a technique halting silently when it depends on an input its practitioners were never aware of.,"Bir tekniğin, onu uygulayanların farkında olmadığı bir girdiye bağlı olduğunda sessizce durabileceğini gösterir.","The ore-exhaustion / trace-element (V, Cr, Mo, Mn, Nb) account is a leading hypothesis, not settled fact. Modern metallurgists have reproduced wootz-like patterned steel, so the technique is not irrecoverable. And the “Damascus steel” sold today is pattern-welded steel — a different material entirely.","Cevher tükenmesi / eser element (V, Cr, Mo, Mn, Nb) açıklaması önde gelen bir hipotezdir, kesin değil. Modern metalurjistler wootz benzeri desenli çeliği yeniden üretmiştir, yani teknik geri alınamaz değildir. Bugün satılan “Şam çeliği” ise desen-kaynaklı çeliktir — tümüyle farklı bir malzeme.","JOM (TMS) · Verhoeven, Pendray & Dauksch, 1998","JOM (TMS) · Verhoeven, Pendray ve Dauksch, 1998",https://www.tms.org/pubs/journals/JOM/9809/Verhoeven-9809.html,web
literacy,evidence-strip,threshold,1820,1820,2024,proxy,medium,The spread of global literacy,Küresel okuryazarlığın yayılması,"Global; unevenly","Küresel; eşitsiz",Decoder access,Çözücü erişimi,Shows the share of the population able to decode written text rising.,Yazılı kodu çözebilen nüfus payının yükseldiğini gösterir.,"Literacy is not expertise, nor knowledge of method.","Okuryazarlık, uzmanlık veya yöntem bilgisi değildir.",Our World in Data · Literacy,Our World in Data · Okuryazarlık,https://ourworldindata.org/literacy,web
domesday,evidence-strip,digital,1986,1986,2011,direct,high,The BBC Domesday Project laserdiscs,BBC Domesday Projesi lazer diskleri,United Kingdom,Birleşik Krallık,The reading apparatus dying before the medium,Ortamdan önce ölen okuyucu aparat,Shows an archive can close when the reading apparatus dies rather than the medium. Recovery required the CAMiLEON project's emulation work and deposit of the material at The National Archives (PRO 30/100).,"Ortam değil, çözücü aparat öldüğünde de arşivin kapanabileceğini gösterir. Kurtarma, CAMiLEON projesinin emülasyon çalışmasını ve materyalin Ulusal Arşiv'e (PRO 30/100) yatırılmasını gerektirdi.","The “digital Domesday lasted 15 years, not 1,000” headline overstates it: the data never actually became unreadable, working players and emulators recovered it, and it was republished as Domesday Reloaded in 2011. But recovery was expensive, the interactivity was only partly preserved, and the rescued material has had access gaps of its own since.","“Dijital Domesday 1000 yıl değil 15 yıl dayandı” başlığı abartılıdır: veri hiçbir zaman gerçekten okunamaz hâle gelmedi, çalışan oynatıcılar ve emülatörler kurtardı, 2011'de Domesday Reloaded olarak yeniden yayımlandı. Buna karşılık kurtarma pahalıydı, etkileşim kısmen kayboldu ve kurtarılan materyalin erişiminde de sonradan boşluklar oluştu.",The National Archives (UK) · catalogue record PRO 30/100,The National Archives (UK) · katalog kaydı PRO 30/100,https://beta.nationalarchives.gov.uk/catalogue/id/C16160,museum-or-archive
web,evidence-strip,threshold,1993,1989,1993,proxy,high,The Web released for open use,Web'in açık kullanıma açılması,The global network,Küresel ağ,"Search, linking and copying","Arama, bağlantı ve kopyalama",Reduced the cost of distribution and of making connections enormously.,Dağıtım ve bağlantı kurma maliyetini çok büyük ölçüde düşürdü.,Volume is not the same as accuracy or quality of context.,Hacim ile doğruluk ve bağlam kalitesi aynı değildir.,CERN · A short history of the Web,CERN · Web'in kısa tarihi,https://home.cern/science/computing/birth-web/short-history-web,web
f1-engine,evidence-strip,loss,2013,2011,2013,direct,high,Waking the Saturn V F-1 engine,Saturn V F-1 motorunun uyandırılması,United States · Marshall Space Flight Center,ABD · Marshall Uzay Uçuş Merkezi,"The documents survive, the ability to run them does not","Belge duruyor, çalıştırma bilgisi durmuyor","Engineers had to physically tear the engine down, structured-light scan it, and hot-fire a restored gas generator for 30 seconds on 24 January 2013 — because the archived drawings alone were not a runnable decoder.","Mühendisler motoru fiziksel olarak sökmek, yapılandırılmış ışıkla taramak ve restore edilmiş bir gaz jeneratörünü 24 Ocak 2013'te 30 saniye ateşlemek zorunda kaldı — çünkü arşivlenmiş çizimler tek başına çalıştırılabilir bir çözücü değildi.",This is not a case of “NASA lost the blueprints”: the original documentation was found and used. What was missing was not the record but the capacity to re-execute it.,"Bu vaka “NASA planları kaybetti” demek değildir; orijinal dokümantasyon bulundu ve kullanıldı. Eksik olan kayıt değil, yeniden-yürütme kapasitesiydi.","NASA NTRS · Erin M. Betts, “Waking a Giant”, 2013","NASA NTRS · Erin M. Betts, “Waking a Giant”, 2013",https://ntrs.nasa.gov/citations/20140011656,official-or-standards
cerf,evidence-strip,digital,2015,2015,2015,direct,high,Vint Cerf's “digital vellum” warning,Vint Cerf'in “dijital tirşe” uyarısı,"United States · AAAS Annual Meeting, San Jose","ABD · AAAS Yıllık Toplantısı, San Jose",A proposal to carry meaning along with the bits,Bitlerle birlikte anlamı taşıma önerisi,"One of the architects of TCP/IP argued in a talk at the 2015 AAAS Annual Meeting in San Jose on 13 February that bit-level storage is insufficient, that preserving digital material for centuries requires carrying the semantics with the bits — an explicitly Rosetta-Stone-shaped proposal he called “Digital Vellum”.","TCP/IP'nin mimarlarından biri, 13 Şubat 2015'te San Jose'deki AAAS Yıllık Toplantısı'nda verdiği bir konuşmada bit düzeyinde depolamanın yetersiz olduğunu; dijital materyali yüzyıllarca korumanın anlamı bitlerle birlikte taşımayı gerektirdiğini savundu ve buna açıkça Rosetta Taşı biçiminde bir öneri olan “Dijital Tirşe” adını verdi.","This is an expert forecast and a design proposal, not evidence that a digital dark age has occurred. Institutional archiving and emulation have improved markedly since 2015; “digital dark age” is a rhetorical frame, not a measured quantity.","Bu bir uzman öngörüsü ve tasarım önerisidir; dijital karanlık çağın gerçekleştiğinin kanıtı değildir. 2015'ten bu yana kurumsal arşivleme ve emülasyon belirgin biçimde gelişti; “dijital karanlık çağ” ölçülmüş bir büyüklük değil, retorik bir çerçevedir.","AAAS 2015 Annual Meeting · V. G. Cerf, “Digital Vellum”","AAAS 2015 Yıllık Toplantısı · V. G. Cerf, “Digital Vellum”",https://aaas.confex.com/aaas/2015/webprogram/Paper14064.html,web
link-rot,evidence-strip,digital,2024,2013,2024,direct,high,Link rot measured at web scale,Bağlantı çürümesinin web ölçeğinde ölçülmesi,Global · the World Wide Web,Küresel · World Wide Web,The archive closing when maintenance stops,Bakım durunca arşivin kapanması,"Pew's crawl-based study found 38% of webpages that existed in 2013 were inaccessible by October 2023 (8% for pages from 2023, 25% across the whole 2013-2023 span). 23% of news pages and 21% of government pages carry at least one broken link, and 54% of English Wikipedia articles have a dead reference link.","Pew'in tarama temelli çalışması, 2013'te var olan sayfaların %38'inin Ekim 2023'te erişilemez olduğunu buldu (2023 sayfaları için %8, 2013-2023 aralığının tamamı için %25). Haber sayfalarının %23'ü ve devlet sayfalarının %21'i en az bir kırık bağlantı taşıyor; İngilizce Vikipedi maddelerinin %54'ünde ölü bir kaynak bağlantısı var.","These are availability measurements, not content-loss measurements — some “gone” pages survive in web archives, though Pew did not measure that. The sample is drawn from Common Crawl and is not a census of the web, and the study cannot say whether the vanished material had scholarly value.","Bunlar erişilebilirlik ölçümüdür, içerik kaybı ölçümü değil — “gitmiş” sayfaların bir kısmı web arşivlerinde durur; Pew bunu ölçmemiştir. Örneklem Common Crawl'dan alınmıştır, webin sayımı değildir ve kaybolan materyalin bilimsel değeri olup olmadığı ölçülmemiştir.","Pew Research Center · Chapekis, Bestvater, Remy & Rivero, 2024","Pew Research Center · Chapekis, Bestvater, Remy ve Rivero, 2024",https://www.pewresearch.org/data-labs/2024/05/17/when-online-content-disappears/,web
model-collapse,evidence-strip,digital,2024,2023,2024,direct,high,Model collapse from recursively generated data,Özyinelemeli veriyle model çöküşü,United Kingdom and Canada,Birleşik Krallık ve Kanada,The context term collapsing at machine scale,Bağlam teriminin makine ölçeğinde çöküşü,"In a language model (a fine-tune of the 125-million-parameter OPT-125m on WikiText-2), in variational autoencoders and in Gaussian mixture models, training successive generations on the previous generation's output produced “model collapse”: the tails of the original distribution disappeared first, then the model converged on a low-variance caricature. The authors conclude that indiscriminate use of model-generated content causes “irreversible defects”.","Bir dil modeli (125 milyon parametreli OPT-125m'in WikiText-2 üzerinde ince ayarı), varyasyonel otokodlayıcılar ve Gauss karışım modellerinde, ardışık kuşakları bir öncekinin çıktısıyla eğitmek “model çöküşü” üretti: önce özgün dağılımın kuyrukları kayboldu, sonra model düşük varyanslı bir karikatüre yakınsadı. Yazarlar, model üretimi içeriğin ayrım gözetmeden kullanılmasının “geri döndürülemez kusurlara” yol açtığını yazıyor.","The headline result comes from a regime where each generation's training data is largely replaced by synthetic output. Follow-up work (Gerstgrasser et al., 2024) shows that accumulating real data alongside synthetic data avoids collapse — so “the internet will inevitably poison AI” is not what this paper establishes.","Başlıktaki sonuç, her kuşağın eğitim verisinin büyük ölçüde sentetik çıktıyla değiştirildiği bir rejimden gelir. Sonraki çalışmalar (Gerstgrasser ve diğerleri, 2024) gerçek veriyi sentetiğin yanında biriktirmenin çöküşü önlediğini gösteriyor; yani “internet kaçınılmaz olarak yapay zekâyı zehirleyecek” bu makalenin kurduğu şey değildir.","Nature · Shumailov, Shumaylov, Zhao, Papernot, Anderson & Gal, 2024","Nature · Shumailov, Shumaylov, Zhao, Papernot, Anderson ve Gal, 2024",https://www.nature.com/articles/s41586-024-07566-y,journal-or-preprint
internet,evidence-strip,threshold,2025,2025,2025,direct,high,Internet access and present inequality,İnternet erişimi ve güncel eşitsizlik,Global,Küresel,Access and the spread of decoders,Erişim ve çözücü yaygınlığı,Shows the broad access base of roughly 6 billion people online.,Yaklaşık 6 milyar kişinin çevrimiçi olduğu geniş erişim tabanını gösterir.,"Quality of access, and the capacity to evaluate sources, are not evenly distributed.",Erişim kalitesi ve kaynak değerlendirme kapasitesi eşit değildir.,ITU · Facts and Figures 2025,ITU · Facts and Figures 2025,https://www.itu.int/itu-d/reports/statistics/2025/10/15/ff25-internet-use/,web
iznik,chain-map,loss,1648,1480,1700,proxy,medium,Iznik ceramics,İznik çinisi,"Iznik, Bursa province — northwest Anatolia","İznik, Bursa — Kuzeybatı Anadolu",The closest near-contemporary numerical witness dating the collapse of a craft chain.,"Bir zanaat zincirinin çöküşünü tarihleyen, döneme en yakın sayısal tanıklık.",A production chain can collapse at workshop-count scale within fifty years while its output is still admired.,"Bir üretim zinciri, ürünü hâlâ hayranlık uyandırırken elli yıl içinde atölye sayısı ölçeğinde çökebilir.","Evliya Çelebi's figures carry the exaggeration typical of travel narrative, and neither the three hundred nor the nine is confirmed by an independent record.",Evliya Çelebi'nin sayıları gezi anlatısına özgü abartıya açıktır ve ne üç yüz ne de dokuz rakamı bağımsız bir kayıtla doğrulanmıştır.,"Ashmolean Museum, Islamic Ceramics — Iznik: C17th Decline","Ashmolean Museum, Islamic Ceramics — İznik: 17. yüzyıl gerilemesi",https://islamicceramics.ashmolean.org/Iznik/c17th.htm,web
hat,chain-map,threshold,1975,1485,2025,direct,high,Ottoman calligraphy and the ijāza,Hat sanatı ve icâzet,Istanbul,İstanbul,A dated document proving the transmission chain was still actually working after the institutional break.,Kurumsal kopuşun ardından aktarım zincirinin fiilen işlediğini kanıtlayan tarihli belge.,A named credential chain can still carry knowledge half a century after the writing system that produced it left daily use.,"Adlandırılmış bir yetki belgesi zinciri, onu doğuran yazı sistemi gündelik kullanımdan çıktıktan yarım yüzyıl sonra bile bilgiyi taşıyabilir.","A single icâzetnâme measures nothing about the level of skill transmitted; it records only the master's approval and the lineage.","Tek bir icâzetnâme aktarılan becerinin düzeyini ölçmez; yalnızca ustanın onayını ve soyu kaydeder.",Türkiye'nin Ustaları — the Hasan Çelebi file,Türkiye'nin Ustaları — Hattat Hasan Çelebi dosyası,https://www.turkiyeninustalari.org/tr/ustalar/hat-sanati/hasan-celebi,web
ebru,chain-map,threshold,1608,1540,2014,direct,medium,Ebru — Turkish marbling,Ebru,Istanbul and Üsküdar,İstanbul ve Üsküdar,The single early written record in four hundred years of a craft — a measure of how thin the packet link can get.,"Bir zanaatın dört yüz yıllık tarihindeki tek erken yazılı kaydı; paket halkasının ne kadar ince olabileceğinin ölçüsü.",A technique whose written record shrinks to a single treatise was nonetheless carried four hundred years by an unbroken master-apprentice chain.,"Yazılı kaydı tek bir risaleye inen bir teknik, kesintisiz bir usta-çırak zinciriyle dört yüzyıl taşınabilmiştir.","The 1608 date rests on attribution from content rather than a direct colophon, and the date of the earliest surviving ebru varies between 1447 and 1554 across sources.","Risalenin 1608 tarihi doğrudan bir ferağ kaydından değil içeriğe dayanan atıftan gelir, ayrıca en eski ebru örneğinin tarihi kaynaklarda 1447 ile 1554 arasında değişir.","Hicabi Gülgen, Uludağ University Faculty of Theology Journal 25/1 (2016)","Hicabi Gülgen, Uludağ Ü. İlahiyat Fakültesi Dergisi 25/1 (2016)",https://isamveri.org/pdfdrg/D00193/2016_1/2016_1_GULGENH2.pdf,web
sinan,chain-map,loss,1557,1550,1559,direct,high,The Süleymaniye and Sinan's structural knowledge,Süleymaniye ve Sinan'ın yapı bilgisi,Istanbul — the third hill above the Golden Horn,İstanbul — Haliç'e bakan üçüncü tepe,The only record — full-scale and still standing — of a structural knowledge whose method was never written.,Yöntemi hiç yazılmamış bir yapı bilgisinin tam ölçekli ve hâlâ ayakta duran tek kaydı.,A working structural technology can be transmitted for five centuries in the form of a building while the reasoning that produced it goes entirely unrecorded.,"Çalışan bir yapı teknolojisi, onu üreten akıl yürütme hiç kaydedilmeden beş yüzyıl boyunca bina biçiminde aktarılabilir.",The building's survival does not prove the seismic superiority of Sinan's method: the same 1766 earthquake collapsed part of this dome and brought down Sinan's Edirnekapı Mihrimah dome completely.,"Binanın ayakta kalması Sinan'ın yönteminin sismik üstünlüğünü kanıtlamaz: aynı 1766 depremi bu kubbenin bir bölümünü çökertmiş, Sinan'ın Edirnekapı Mihrimah kubbesini ise tamamen yıkmıştır.","The Süleymaniye foundation inscription and the construction account books (ed. Ö. L. Barkan, 1550–1557)","Süleymaniye Camii kitâbesi ve inşaat muhasebe defterleri (Ö. L. Barkan neşri, 1550–1557)",https://en.wikipedia.org/wiki/S%C3%BCleymaniye_Mosque,encyclopedia
ottoman-script,chain-map,loss,1928,1928,1929,direct,high,Ottoman Turkish and the 1928 Alphabet Reform,Osmanlı Türkçesi ve 1928 Harf İnkılâbı,"Republic of Turkey — Ankara, Official Gazette","Türkiye Cumhuriyeti — Ankara, Resmî Gazete",Primary record of a decoder replaced by statute with dated deadlines,Bir kod çözücünün kanunla ve tarihli son günlerle değiştirilmesinin birincil kaydı,"Law no. 1353 and the deadline of 1 January 1929 prove, in a dated official document, that a national-scale reading standard can be replaced within three months.","1353 sayılı kanun ve 1 Ocak 1929 son tarihi, ulusal ölçekli bir okuma standardının üç ay içinde değiştirilebildiğini tarihli ve resmî bir belgeyle kanıtlar.","The document does not show that the reform destroyed knowledge — the archives survive, catalogued, open and professionally staffed — nor does it show that the reform was avoidable or unavoidable; what it shows is that a decoder can be replaced far faster than an archive can be migrated.","Bu belge harf inkılâbının bilgiyi yok ettiğini göstermez — arşivler yerinde, tasnifli ve uzman kadroyla açıktır — inkılâbın kaçınılmaz ya da kaçınılabilir olduğunu da göstermez; gösterdiği tek şey, bir kod çözücünün bir arşivin göçürülebileceğinden çok daha hızlı değiştirilebildiğidir.","Legislation Information System of the Presidency of Türkiye, Law no. 1353","T.C. Cumhurbaşkanlığı Mevzuat Bilgi Sistemi, Kanun no. 1353",https://www.mevzuat.gov.tr/MevzuatMetin/1.3.1353.pdf,web
ottoman-vakif,chain-map,threshold,1557,1557,1702,direct,high,The Waqf System and the Süleymaniye Endowment Deed,Vakıf Sistemi ve Süleymaniye Vakfiyesi,Istanbul — the Süleymaniye complex,İstanbul — Süleymaniye Külliyesi,A written maintenance specification and the record of its enforcement 145 years later,Yazılı bakım şartnamesi ve onun yüz kırk beş yıl sonraki uygulama kaydı,"Read together, the deed of 6 May 1557 and the duty roll of 1113/1702 show that a written maintenance specification actually sustained posts and wages for a century and a half.","6 Mayıs 1557 tarihli vakfiye ile 1113/1702 tarihli vazife yoklama defterinin birlikte okunması, yazılı bir bakım şartnamesinin kadroları ve ücretleri bir buçuk asır boyunca fiilen ayakta tutabildiğini gösterir.","The two documents do not show that the waqf system succeeded as a whole — Süleymaniye was among the empire’s richest and most visible endowments, so it is not representative of small or provincial waqfs — nor do they by themselves measure how much the akçe-denominated wages lost to debasement.","Bu iki belge vakıf sisteminin bir bütün olarak başarılı olduğunu göstermez — Süleymaniye imparatorluğun en zengin ve en görünür vakıflarından biridir, dolayısıyla küçük ve taşra vakıflarının kaderi hakkında temsilî değildir — ayrıca ücretlerin akçe cinsinden sabitliğinin tağşiş karşısında ne kadar değer yitirdiğini de tek başına ölçmez.",Marmara University Journal of Economics and Administrative Sciences (2022),Marmara Üniversitesi İktisadi ve İdari Bilimler Dergisi (2022),https://ikf.marmara.edu.tr/dosya/ikf/iib-dergi/2022-2/VAZ%C4%B0FE%20YOKLAMA%20DEFTER%C4%B0NE%20G%C3%96RE%20S%C3%9CLEYMAN%C4%B0YE%20VAKFI%20%C3%87ALI%C5%9EANLARI.pdf,university
ottoman-print,chain-map,threshold,1729,1727,1742,direct,high,"The Müteferrika Press, 1729","İbrahim Müteferrika Matbaası, 1729",Istanbul — the Dârü’t-tıbâati’l-âmire,İstanbul — Dârü’t-tıbâati’l-âmire,"Dated, physical, countable output proving the threshold was crossed","Eşiğin aşıldığını kanıtlayan tarihli, fiziksel ve sayılabilir çıktı","The Vankulu dictionary of 1729 and the sixteen works that followed prove directly that Arabic-script Turkish printing was technically and legally possible, and that the problem was not the absence of the technology.","1729’da basılan Vankulu Lügati ve onu izleyen on altı eser, Arap harfli Türkçe baskının teknik ve hukukî olarak mümkün olduğunu, sorunun teknolojinin yokluğu olmadığını doğrudan kanıtlar.","The output does not explain why the press was not founded before 1729, and it proves neither the claim that a ban existed nor the claim that calligraphers blocked it; it shows only that once permitted the work ran, and that it was not sustained.","Bu çıktı, matbaanın neden 1729’dan önce kurulmadığını açıklamaz ve “yasak vardı” ya da “hattatlar engelledi” iddialarından hiçbirini kanıtlamaz; yalnızca izin verildiğinde işin yürüdüğünü ve sürdürülemediğini gösterir.","TDV Encyclopaedia of Islam, “Müteferrika Matbaası”","TDV İslâm Ansiklopedisi, “Müteferrika Matbaası”",https://islamansiklopedisi.org.tr/muteferrika-matbaasi,web
roman-law,chain-map,threshold,533,533,600,direct,high,Roman Law and the Corpus Juris Civilis,Roma hukuku ve Corpus Iuris Civilis,"Written in Constantinople, preserved in Florence","Konstantinopolis’te yazıldı, Floransa’da korunuyor",The one near-complete late-antique manuscript witness to Justinian’s Digest: a 907-leaf parchment codex,"Iustinianus Digesta’sının geç antik dönemden gelen, tam sayılabilecek tek yazma tanığı: 907 yapraklık parşömen kodeks",It shows that the textual transmission of a thousand-year legal tradition could be reduced to the survival of one physical object.,"Bin yıllık bir hukuk geleneğinin metinsel aktarımının, tek bir fiziksel nesnenin sağ kalmasına indirgenebildiğini gösterir.","Its sixth- or early-seventh-century date and Constantinopolitan origin are palaeographic inferences rather than documented facts, and the Amalfi episode remains unverified.","Yazmanın altıncı ya da erken yedinci yüzyıla tarihlenmesi ve Konstantinopolis’te üretildiği paleografik çıkarımdır, belgeye dayanmaz; Amalfi anlatısı ise doğrulanamamıştır.","Max Planck Encyclopedia of European Private Law, with Laurenziana and History of Information records",Max Planck Avrupa Özel Hukuku Ansiklopedisi ile Laurenziana ve History of Information kayıtları,https://www.historyofinformation.com/detail.php?id=165,web
aqueducts,chain-map,loss,98,97,98,direct,high,The Aqueducts and Frontinus’s Maintenance Manual,Su kemerleri ve Frontinus’un bakım kılavuzu,The city of Rome and its nine aqueduct lines,Roma kenti ve çevresindeki dokuz su kemeri hattı,"The most detailed administrative document we have on the running of a Roman public utility, giving staffing, measurement and abuse in numbers","Roma’da bir kamu hizmetinin işletmesine dair elimizdeki en ayrıntılı idarî belge; kadroyu, ölçüyü ve suistimali sayılarla verir",It shows directly that the Romans conceived maintenance not as a virtue but as a countable regime of staffing and measurement.,"Romalıların bakımı bir erdem olarak değil, sayılabilir bir kadro ve ölçü rejimi olarak kavradığını doğrudan gösterir.","The text descends from a single medieval copy whose figures are corrupt in places, and Frontinus is a partisan witness defending his own administration.","Metin tek bir ortaçağ nüshasından gelir ve sayıları yer yer bozuktur; ayrıca Frontinus kendi yönetimini savunan taraflı bir tanıktır.","Frontinus, De aquaeductu; R. H. Rodgers’s Cambridge edition and the LacusCurtius manuscript file","Frontinus, De aquaeductu; R. H. Rodgers’ın Cambridge edisyonu ve LacusCurtius yazma dosyası",https://penelope.uchicago.edu/Thayer/E/Roman/Texts/Frontinus/manuscripts*.html,university
latin-alphabet,chain-map,threshold,-560,-570,-550,direct,medium,The Latin Alphabet,Latin alfabesi,"The Roman Forum, the Lapis Niger precinct; found in situ by Giacomo Boni in 1899","Roma Forumu, Lapis Niger alanı; 1899’da Giacomo Boni tarafından yerinde bulundu",One of the oldest securely contextualised in-situ witnesses to early use of the Latin alphabet: a cippus inscribed boustrophedon,"Latin alfabesinin erken kullanımının yerinde bulunmuş, sağlam bağlamlı en eski tanıklarından biri: boustrophedon yazılmış bir cippus","It shows that the alphabet had reached Rome by the middle of the sixth century BCE, while even the direction of writing was not yet fixed.","Alfabenin Roma’ya, henüz yazı yönü bile sabitlenmemişken, MÖ altıncı yüzyılın ortasında ulaşmış olduğunu gösterir.","The inscription is broken and its reading is disputed, and its date rests on stratigraphy and letterforms rather than on any document.","Yazıt kırıktır ve okunuşu tartışmalıdır; tarihi belgeye değil tabakalanmaya ve harf biçimlerine dayanır.","Archaeological and epigraphic literature on the Lapis Niger inscription, with the Praeneste fibula debate for comparison","Lapis Niger yazıtı üzerine arkeolojik ve epigrafik literatür; karşılaştırma için Praeneste fibulası tartışması",https://en.wikipedia.org/wiki/Lapis_Niger,encyclopedia
glassblowing,chain-map,threshold,-50,-60,-40,direct,high,Glassblowing,Cam üfleme,"Jerusalem, Jewish Quarter (Roman province of Judaea)","Kudüs, Yahudi Mahallesi (Roma İudaea eyaleti)",The earliest closely datable material trace of the technique.,Tekniğin bugün yakın biçimde tarihlenebilen en erken maddi izi.,Refuse thrown out by a workshop proves directly that between 50 and 40 BCE someone was inflating the ends of glass tubes by blowing.,"Bir atölyenin attığı moloz, MÖ 50–40 arasında birinin cam boruların ucunu üfleyerek şişirdiğini doğrudan kanıtlar.","The find shows where the technique was early in use, not where it was invented; and Pliny’s story of glass being discovered on a beach under blocks of natron concerns glass itself rather than blowing, so it cannot serve as evidence for the invention.","Buluntu tekniğin nerede icat edildiğini değil nerede erkenden uygulandığını gösterir; Plinius’un sahilde soda külçeleriyle camın bulunuşunu anlatan hikâyesi ise camın kendisiyle ilgilidir, üflemeyle değil, ve icat kanıtı olarak kullanılamaz.","Corning Museum of Glass, “The Earliest Inflated Glass”","Corning Cam Müzesi, “The Earliest Inflated Glass”",https://renvenetian.cmog.org/chapter/earliest-inflated-glass,web
codex,chain-map,threshold,300,200,400,proxy,high,The codex,Kodeks,Oxyrhynchus and Egypt generally (Roman province of Aegyptus),Oksirinkhos ve genel olarak Mısır (Roma Aegyptus eyaleti),The only quantitative source that measures the speed and direction of the format migration.,Biçim göçünün hızını ve yönünü ölçen tek nicel kaynak.,"Among datable literary papyri the codex share rises from 1.43% in the 1st–2nd centuries to 18.5% in the 3rd and 62.34% in the 4th; the transition completes across the 3rd and 4th centuries.","Tarihlenebilen edebî papirüslerde kodeksin payı 1.–2. yüzyılda %1,43 iken 3. yüzyılda %18,5’e ve 4. yüzyılda %62,34’e çıkar; geçiş 3. ve 4. yüzyıllar boyunca tamamlanır.","The sample is material preserved by Egypt’s dry climate and drawn largely from one provincial town’s rubbish; Roberts and Skeat themselves warn that these proportions cannot be projected onto the ancient world at large. The common claim that “the codex was a Christian invention” is also wrong: Martial advertises the format before Christian use — Christians did not invent it, they adopted and generalised it.","Örneklem Mısır’ın kuru ikliminin koruduğu ve büyük ölçüde tek bir taşra kasabasının çöplüğünden çıkan malzemedir; Roberts ile Skeat bu oranların antik dünyanın geneline yansıtılamayacağını kendileri uyarır. “Kodeks Hıristiyanların icadıdır” yollu yaygın iddia da yanlıştır: Martialis biçimi Hıristiyan kullanımından önce tanıtır, Hıristiyanlar onu icat etmedi, benimseyip yaygınlaştırdı.","E. A. Meyer, Chiron 37 (2007), reporting Roberts and Skeat’s figures","E. A. Meyer, Chiron 37 (2007), Roberts ve Skeat’in sayılarını aktararak",https://publications.dainst.org/journals/chiron/article/download/369/4977,web
hypocaust,chain-map,loss,1584,1580,1590,direct,high,The hypocaust,Hipokaust,"Istanbul, Çemberlitaş","İstanbul, Çemberlitaş",Living evidence that the underfloor heating principle continued independently of the break in the West.,"Alttan ısıtma ilkesinin, Batı’daki kesintiden bağımsız olarak sürdüğünün yaşayan kanıtı.","A bath built in 1584 is heated on the same principle as a Roman caldarium, through a cehennemlik beneath the floor and tüteklik flues in the walls, and remains in operation.","1584’te yapılan bir hamam, döşemenin altındaki cehennemlik ve duvarlardaki tüteklikler yoluyla bir Roma caldarium’uyla aynı ilkeye göre ısınır ve hâlâ çalışır durumdadır.","Continuity of the heating principle is not continuity of the building type; the Ottoman hamam’s plan, dome and cauldron water heating differ markedly from the Roman bath, and the architectural line runs not in one step from Rome to Istanbul but through late antique and Byzantine baths and Umayyad buildings.","Isıtma ilkesinin sürekliliği yapı tipinin sürekliliği demek değildir; Osmanlı hamamının planı, kubbesi ve kazanlı su ısıtma düzeni Roma hamamından belirgin biçimde farklıdır ve mimari hat Roma’dan İstanbul’a tek adımda değil, geç antik ve Bizans hamamları ile Emevî yapıları üzerinden geçer.","E. Kanetaki, METU Journal of the Faculty of Architecture (2004); Semavi Eyice, “Hamam”, TDV Encyclopaedia of Islam (1997)","E. Kanetaki, ODTÜ Mimarlık Fakültesi Dergisi (2004); Semavi Eyice, “Hamam”, TDV İslâm Ansiklopedisi (1997)",https://jfa.arch.metu.edu.tr/uploads/docs/sayilar/sayi-21-1-2/81-110.pdf,university
ubykh,chain-map,info,1992,1864,2011,direct,high,Ubykh and its last speaker,Ubıhça ve son konuşan,"Hacı Osman, Manyas — Balıkesir province; and Istanbul","Hacı Osman, Manyas — Balıkesir; ve İstanbul",The datable record of a decoder count reaching zero while documentation stood at its highest level.,"Belgeleme en yüksek düzeydeyken çözücü sayısının sıfıra indiği, tarihlenebilir kayıt.","Shows that a language can become unreproducible with a single death while its dictionary, grammar and recordings remain in our hands.","Sözlüğü, grameri ve ses kayıtları elde dururken bir dilin tek bir ölümle yeniden üretilemez hâle gelebileceğini gösterir.","A language's death is not a datable moment; 7 October 1992 is the date the last fluent speaker died, while withdrawal from daily use had begun generations earlier. Nor is “last speaker” a precise criterion: people with partial knowledge fall outside the definition.","Bir dilin ölümü tarihlenebilir bir an değildir; 7 Ekim 1992 son akıcı konuşanın ölüm tarihidir, gündelik kullanımdan çekilme kuşaklar önce başlamıştı. “Son konuşan” ölçütü de kesin değildir: kısmi bilgiye sahip kişiler tanımın dışında kalır.","Journal of Endangered Languages · Ö. S. Durhan, 2014","Tehlikedeki Diller Dergisi · Ö. S. Durhan, 2014",https://dergipark.org.tr/tr/download/article-file/305216,web
kilogram,chain-map,everyday,2019,1889,2019,direct,high,The kilogram and the 2019 redefinition,Kilogram ve 2019 yeniden tanımı,"Sèvres / Saint-Cloud, France; and global","Sèvres / Saint-Cloud, Fransa; ve küresel","The one dated, documented record of a transmission chain being deliberately re-engineered.","Bir aktarım zincirinin bilerek yeniden tasarlandığı, tarihlenmiş ve belgeli tek kayıt.",Shows that a chain's thinnest link can be diagnosed and replaced — and that the replacement relocates the fragility to a chosen place rather than eliminating it.,Bir zincirin en ince halkasının teşhis edilip değiştirilebileceğini — ve bu değişimin kırılganlığı yok etmek yerine seçilmiş bir yere taşıdığını gösterir.,"It does not show that this is generally possible: the method worked because mass could be tied to a constant of nature. Nor is the 50-microgram figure an absolute measurement; it is divergence among the prototypes, since the IPK was by definition exactly one kilogram.","Bunun genel olarak mümkün olduğunu göstermez: yöntem işe yaradı çünkü kütle bir doğa sabitine bağlanabiliyordu. Ayrıca 50 mikrogramlık rakam mutlak bir ölçüm değil, prototipler arasındaki ayrışmadır; IPK tanım gereği tam olarak bir kilogramdı.",BIPM · SI base units: the kilogram,BIPM · SI temel birimleri: kilogram,https://www.bipm.org/en/si-base-units/kilogram,official-or-standards
