source_url,source_type,n_uses,used_by
http://eprints.rclis.org/11734/1/bulgaristana_satilan_evrakveozel.pdf,peer-reviewed,2,ottoman-script
http://www.auer-von-welsbach-museum.at/de/freiherr-auer-von-welsbach/biografie,museum-archive-library,2,lighter
http://www.chilton-computing.org.uk/inf/literature/reports/lighthill_report/contents.htm,university-or-institute,1,ai
http://www.chilton-computing.org.uk/inf/literature/reports/lighthill_report/p001.htm,university-or-institute,1,ai
https://aaas.confex.com/aaas/2015/webprogram/Paper14064.html,official-legal,1,evidence-strip
https://academic.oup.com/gji/article/141/3/F1/613019,peer-reviewed,1,sinan
https://academic.oup.com/plms/article-abstract/s2-42/1/230/1491926,peer-reviewed,1,computer
https://acikerisim.fsm.edu.tr/bitstreams/cbef0a7b-a2be-4935-9546-8ae5a5488885/download,university-or-institute,1,sinan
https://acikerisim.fsm.edu.tr/xmlui/bitstream/handle/11352/247/Ersen%26Olgun%26Akbulut%26Y%C4%B1ld%C4%B1r%C4%B1m.pdf,university-or-institute,2,sinan
https://aibl.fr/collections/tome-1-le-verbe-oubykh-etudes-descriptives-et-comparatives/,museum-archive-library,1,ubykh
https://ajaonline.org/book-review/1872/,peer-reviewed,2,hypocaust
https://al-qantara.revistas.csic.es/index.php/al-qantara/article/download/719/812?inline=1,peer-reviewed,1,hypocaust
https://americanhistory.si.edu/collections/object/nmah_1293145,museum-archive-library,1,electric-car
https://americanhistory.si.edu/collections/object/nmah_525,museum-archive-library,2,lighter
https://archive.org/details/rosettaproject_uby_contents-1,museum-archive-library,1,ubykh
https://arts.ircica.org/competition/1st-calligraphy-competition,university-or-institute,1,hat
https://arxiv.org/abs/1706.03762,peer-reviewed,2,ai
https://assets.cambridge.org/97805218/32519/excerpt/9780521832519_excerpt.htm,peer-reviewed,2,aqueducts
https://assets.cambridge.org/97805218/65388/excerpt/9780521865388_excerpt.pdf,peer-reviewed,1,diode
https://atamdergi.gov.tr/tam-metin/193/tur,official-legal,1,ottoman-script
https://beta.nationalarchives.gov.uk/catalogue/id/C16160,museum-archive-library,1,evidence-strip
https://blog.cmog.org/2013/harvey-k-littleton-american-1922-2013,museum-archive-library,1,glassblowing
https://blog.scienceandmediamuseum.org.uk/history-of-british-television-timeline/,museum-archive-library,2,television
https://blog.scienceandmediamuseum.org.uk/unravelling-the-mystery-of-lost-television/,museum-archive-library,1,television
https://cepr.org/voxeu/columns/how-antitrust-enforcement-can-spur-innovation-bell-labs-and-1956-consent-decree,university-or-institute,2,transistor
https://collection.sciencemuseumgroup.org.uk/objects/co8047769/ronson-butane-fuel-lighter-1958,museum-archive-library,1,lighter
https://collection.sciencemuseumgroup.org.uk/objects/co8076929/german-dobereiners-lamp-1823-1889,museum-archive-library,2,lighter
https://collections.vam.ac.uk/item/O1269559/the-toaster-project-installation-thomas-thwaites/,museum-archive-library,2,toaster
https://collections.vam.ac.uk/item/O9232/lamp-unknown,museum-archive-library,2,iznik
https://computerhistory.org/blog/who-invented-the-ic/,museum-archive-library,2,integrated-circuit
https://computerhistory.org/restorations/,museum-archive-library,1,hdd
https://counterpointresearch.com/en/insights/global-semiconductor-foundry-market-share,corporate-or-interested-party,2,integrated-circuit
https://courier.unesco.org/en/articles/200-years-gutenberg-master-printers-koryo,news-media,1,evidence-strip
https://curation.cs.manchester.ac.uk/computer50/www.computer50.org/mark1/new.baby.html,university-or-institute,1,computer
https://cvml.ista.ac.at/courses/DLWT_W17/material/AlexNet.pdf,university-or-institute,2,ai
https://daktilo1984.com/daktilo2/osmanlida-okuryazarlik-bolum-3-1927-sayimi-aslinda-neyi-olctu/,blog-or-personal-compilation,1,ottoman-script
https://dergipark.org.tr/en/download/article-file/3271219,peer-reviewed,1,iznik
https://dergipark.org.tr/en/download/article-file/5498251,peer-reviewed,2,ottoman-print
https://dergipark.org.tr/en/pub/akdenizsanat/issue/49183/620055,peer-reviewed,1,iznik
https://dergipark.org.tr/tr/download/article-file/2197259,peer-reviewed,1,hat
https://dergipark.org.tr/tr/download/article-file/305216,peer-reviewed,4,chain-map ubykh
https://dergipark.org.tr/tr/download/article-file/481733,peer-reviewed,2,aqueducts
https://dergipark.org.tr/tr/download/article-file/926457,peer-reviewed,1,ottoman-script
https://dergipark.org.tr/tr/pub/akdenizsanat/article/291519,peer-reviewed,2,ebru
https://discovery.ucl.ac.uk/id/eprint/1519741/,university-or-institute,2,glassblowing
https://dlib.nyu.edu/awdl/isaw/isaw-papers/29-3/,museum-archive-library,1,codex
https://doi.org/10.1111/j.1475-4754.2004.00166.x,peer-reviewed,2,iznik
https://e-docs.geo-leo.de/server/api/core/bitstreams/706965e5-4d59-45c7-a1d6-1f1db9aec336/content,peer-reviewed,1,aqueducts
https://ed-thelen.org/RAMAC/Myths.html,blog-or-personal-compilation,2,hdd
https://en.wikipedia.org/wiki/AI_winter,tertiary-open-encyclopedia,1,ai
https://en.wikipedia.org/wiki/Bic_Cristal,tertiary-open-encyclopedia,1,ballpoint
https://en.wikipedia.org/wiki/Lapis_Niger,tertiary-open-encyclopedia,1,chain-map
https://en.wikipedia.org/wiki/S%C3%BCleymaniye_Mosque,tertiary-open-encyclopedia,1,chain-map
https://en.wikipedia.org/wiki/TR-55,tertiary-open-encyclopedia,1,transistor
https://epigraphy.osu.edu/collections/latin-photo/cil-i2-21-24,university-or-institute,1,latin-alphabet
https://erdem.gov.tr/tam-metin/182/tur,official-legal,2,ottoman-vakif
https://ethw.org/Charles_F._Kettering,reference-work,2,electric-car
"https://ethw.org/Milestones:First_Public_Demonstration_of_Television,_1926",reference-work,2,television
"https://ethw.org/Milestones:Fleming_Valve,_1904",reference-work,3,diode radio
"https://ethw.org/Milestones:Marconi's_Early_Experiments_in_Wireless_Telegraphy,_1895",reference-work,1,radio
"https://ethw.org/Milestones:Monochrome-Compatible_Electronic_Color_Television,_1946-1953",reference-work,2,television
"https://ethw.org/Milestones:Reception_of_Transatlantic_Radio_Signals,_1901",reference-work,2,radio
https://fee.org/ebooks/i-pencil/,corporate-or-interested-party,2,pencil
https://georgehewitt.net/multimedia/recordings/281-george-hewitt-s-recordings-from-turkey-1974,blog-or-personal-compilation,1,ubykh
https://gizmodo.com/about-40-of-american-made-cars-in-1900-were-steam-powe-1597522738,news-media,1,electric-car
https://glassmaking.cmog.org/techniques-roman-period-glassblowing-2024,museum-archive-library,2,glassblowing
https://global.oup.com/academic/product/the-birth-of-the-codex-9780197260616,peer-reviewed,1,codex
https://heritagerecords.nationaltrust.org.uk/HBSMR/MonRecord.aspx?uid=MNA119961,museum-archive-library,2,pencil
https://higherlogicdownload.s3.amazonaws.com/SNAME/1dcdb863-8881-4263-af8d-530101f64412/UploadedFiles/c3352777fcaa4c4daa8f125c0a7c03e9.pdf,professional-or-trade-body,1,natural-gas
https://historicengland.org.uk/listing/the-list/list-entry/1019941,museum-archive-library,1,pencil
https://hmmlschool.org/latin-caroline/,university-or-institute,2,latin-alphabet
https://home.cern/science/computing/birth-web,official-legal,1,internet
https://home.cern/science/computing/birth-web/short-history-web,official-legal,1,evidence-strip
https://hyperallergic.com/244767/the-17th-century-fossil-book-that-first-illustrated-the-pencil/,news-media,1,pencil
https://ich.unesco.org/doc/src/00120-EN.pdf,official-legal,2,ubykh
https://ich.unesco.org/en/RL/ebru-turkish-art-of-marbling-00644,official-legal,2,ebru
https://ich.unesco.org/en/RL/husn-i-hat-traditional-calligraphy-in-islamic-art-in-turkey-01684,official-legal,2,hat
https://ich.unesco.org/en/RL/knowledge-craft-and-skills-of-handmade-glass-production-01961,official-legal,2,glassblowing
https://ieeephotonics.org/news/the-birth-of-the-visible-led-nick-holonyak-jr-and-a-turning-point-in-photonics/,peer-reviewed,1,diode
https://ikf.marmara.edu.tr/dosya/ikf/iib-dergi/2022-2/VAZ%C4%B0FE%20YOKLAMA%20DEFTER%C4%B0NE%20G%C3%96RE%20S%C3%9CLEYMAN%C4%B0YE%20VAKFI%20%C3%87ALI%C5%9EANLARI.pdf,university-or-institute,4,chain-map ottoman-vakif
https://invention.si.edu/invention-stories/one-way-supermarket-aisles,museum-archive-library,2,supermarket
https://investors.seagate.com/news/news-details/2025/Seagate-Introduces-Hard-Drive-Capacities-of-Up-to-36TB-Extending-Its-HAMR-Based-Mozaic-3-Technology-Platform/default.aspx,corporate-or-interested-party,1,hdd
https://isamveri.org/pdfdrg/D00193/2016_1/2016_1_GULGENH2.pdf,peer-reviewed,5,chain-map ebru
https://isamveri.org/pdfdrg/D175781/2007/2007_EYUPGILLER_OZALTIN.pdf,peer-reviewed,1,sinan
https://islamansiklopedisi.org.tr/aytac-hamit,reference-work,1,hat
https://islamansiklopedisi.org.tr/duzgunman-mustafa,reference-work,2,ebru
https://islamansiklopedisi.org.tr/edhem-efendi-hezarfen,reference-work,2,ebru
https://islamansiklopedisi.org.tr/elifba,reference-work,1,ottoman-script
https://islamansiklopedisi.org.tr/evkaf-i-humayun-nezareti,reference-work,3,ottoman-vakif
https://islamansiklopedisi.org.tr/hafiz-osman,reference-work,2,hat
https://islamansiklopedisi.org.tr/hamam,reference-work,1,hypocaust
https://islamansiklopedisi.org.tr/hamdullah-efendi-seyh,reference-work,3,hat
https://islamansiklopedisi.org.tr/ibrahim-muteferrika,reference-work,3,ottoman-print
https://islamansiklopedisi.org.tr/matbaa,reference-work,3,ottoman-print
https://islamansiklopedisi.org.tr/medresetul-hattatin,reference-work,2,hat
https://islamansiklopedisi.org.tr/muteferrika-matbaasi,reference-work,5,chain-map ottoman-print
https://islamansiklopedisi.org.tr/ozbekler-tekkesi--uskudar,reference-work,1,ebru
https://islamansiklopedisi.org.tr/sai-mustafa-celebi,reference-work,3,sinan
https://islamansiklopedisi.org.tr/suleymaniye-camii-ve-kulliyesi,reference-work,2,sinan
https://islamansiklopedisi.org.tr/vakif,reference-work,1,ottoman-vakif
https://islamicceramics.ashmolean.org/Iznik/c17th.htm,museum-archive-library,4,chain-map iznik
https://islamicceramics.ashmolean.org/Iznik/develop.htm,museum-archive-library,1,iznik
https://islamicceramics.ashmolean.org/Iznik/peak.htm,museum-archive-library,1,iznik
https://jfa.arch.metu.edu.tr/uploads/docs/sayilar/sayi-21-1-2/81-110.pdf,university-or-institute,3,chain-map hypocaust
https://journals.linguisticsociety.org/booknotices/?p=2376,peer-reviewed,4,ubykh
https://journo.com.tr/ibrahim-muteferrika-ilk-matbaa,news-media,1,ottoman-print
https://kingkullen.com/about-us/,corporate-or-interested-party,1,supermarket
https://kiwihellenist.blogspot.com/2020/06/who-preserved-greek-literature-2.html,blog-or-personal-compilation,1,codex
"https://kutuphane.ttk.gov.tr/details?id=518458&materialType=KT&query=Barkan,+%C3%96mer+L%C3%BBtfi.",museum-archive-library,2,sinan
https://lemelson.mit.edu/resources/otto-rohwedder,museum-archive-library,1,toaster
https://library.si.edu/digital-library/book/firstdraftofrepo00vonn,museum-archive-library,2,computer
https://link.springer.com/article/10.1007/BF02478259,peer-reviewed,1,ai
https://makingscience.royalsociety.org/items/l-and-p_4_161/letter-of-willow-bark-in-ague-from-edward-stone-to-george-parker,university-or-institute,2,aspirin
https://makingscience.royalsociety.org/items/pt_72_7/paper-a-dynamical-theory-of-the-electromagnetic-field-by-j-james-clerk-maxwell,university-or-institute,2,radio
https://max-eup2012.mpipriv.de/index.php/Corpus_Juris_Civilis,university-or-institute,2,roman-law
https://mea.bic.com/en-za/lighters/50-years-of-BIC,corporate-or-interested-party,1,lighter
https://nanog.org/stories/articles/a-brief-history-of-the-internets-biggest-bgp-incidents/,professional-or-trade-body,2,internet
https://news.cornell.edu/stories/2019/09/professors-perceptron-paved-way-ai-60-years-too-soon,university-or-institute,1,ai
https://news.gm.com/home.detail.html/Pages/news/us/en/2026/mar/0311-ev1.html,corporate-or-interested-party,1,electric-car
https://news.mit.edu/2023/roman-concrete-durability-lime-casts-0106,university-or-institute,1,evidence-strip
https://nit-istanbul.net/index.php/2024/02/01/introducing-water-heritage-for-sustainable-cities-the-revalorization-of-the-valens-aqueduct-in-istanbul/,university-or-institute,1,aqueducts
https://ntrs.nasa.gov/citations/20140011656,official-legal,1,evidence-strip
https://ohp.parks.ca.gov/ListedResources/Detail/941,official-legal,1,television
https://ojs.aaai.org/aimagazine/index.php/aimagazine/article/view/1904,peer-reviewed,1,ai
https://ojs.utlib.ee/index.php/bjah/article/view/13502/8558,peer-reviewed,1,hypocaust
https://ourworldindata.org/literacy,university-or-institute,1,evidence-strip
https://oxyrhynchus.web.ox.ac.uk/introduction,university-or-institute,2,codex
https://patents.google.com/patent/DE30105C/en,patent,2,television
https://patents.google.com/patent/GB498997A/en,patent,2,ballpoint
https://patents.google.com/patent/US1242872A/en,patent,1,supermarket
https://patents.google.com/patent/US1394450A/en,patent,1,toaster
https://patents.google.com/patent/US2491082A/en,patent,1,ballpoint
https://patents.google.com/patent/US2569347A/en,patent,1,transistor
https://patents.google.com/patent/US3167687A/en,patent,2,lighter
https://patents.google.com/patent/US392046A/en,patent,1,ballpoint
https://patents.google.com/patent/US811859A/en,patent,1,toaster
https://patents.google.com/patent/US836531A/en,patent,2,diode
https://penelope.uchicago.edu/Thayer/E/Roman/Texts/Frontinus/De_Aquis/Bennett/1*.html,university-or-institute,2,aqueducts
https://penelope.uchicago.edu/Thayer/E/Roman/Texts/Frontinus/De_Aquis/Bennett/2*.html,university-or-institute,1,aqueducts
https://penelope.uchicago.edu/Thayer/E/Roman/Texts/Frontinus/manuscripts*.html,university-or-institute,2,aqueducts chain-map
https://penelope.uchicago.edu/Thayer/E/Roman/Texts/Vitruvius/5*.html,university-or-institute,1,hypocaust
https://pmc.ncbi.nlm.nih.gov/articles/PMC1119266/,peer-reviewed,2,aspirin
https://porthouston.com/ideal-x/,corporate-or-interested-party,2,supermarket
https://primis.phmsa.dot.gov/stakeholder-comms/pipelinebasics/,official-legal,2,natural-gas
https://publications.dainst.org/journals/chiron/article/download/369/4977,peer-reviewed,7,chain-map codex
https://pubs.usgs.gov/periodicals/mcs2025/mcs2025-chromium.pdf,official-legal,1,toaster
https://pubs.usgs.gov/periodicals/mcs2025/mcs2025-graphite.pdf,official-legal,2,pencil
https://renvenetian.cmog.org/chapter/earliest-inflated-glass,museum-archive-library,3,chain-map glassblowing
https://scholarship.law.wm.edu/cgi/viewcontent.cgi?article=1122&context=libpubs,peer-reviewed,6,roman-law
https://sitelines.newcastle.gov.uk/SMR/417,museum-archive-library,1,glassblowing
https://spectrum.ieee.org/tech-talk/computing/software/cobol-programmers-answer-call-unemployment-benefits-systems,professional-or-trade-body,2,computer
https://spectrum.ieee.org/the-lessons-of-thailands-flood,professional-or-trade-body,2,hdd
https://spectrum.ieee.org/transistor-radio-invented,professional-or-trade-body,1,radio
https://spotlight.vatlib.it/greek-paleography/feature/3-old-round-minuscule,museum-archive-library,2,codex
https://support.gs1.org/support/solutions/articles/43000734073-gs1-historical-timeline,professional-or-trade-body,2,supermarket
https://titus.fkidg1.uni-frankfurt.de/personal/jg/pdf/jg1991b.pdf,university-or-institute,1,ubykh
https://ttkb.meb.gov.tr/meb_iys_dosyalar/2019_12/10095332_19_sura.pdf,official-legal,1,ottoman-script
https://turkmaarifansiklopedisi.org.tr/hat,reference-work,1,hat
https://turkmaarifansiklopedisi.org.tr/millet-mektepleri,reference-work,2,ottoman-script
https://waters.iath.virginia.edu/karmon.html,university-or-institute,2,aqueducts
https://whc.unesco.org/en/list/1502/,official-legal,1,evidence-strip
https://worksinprogress.co/issue/the-worlds-most-complex-machine/,blog-or-personal-compilation,1,integrated-circuit
https://www.aapg.org/news-and-media/details/explorer/articleid/61813/big-drilling-in-ancient-china,professional-or-trade-body,4,natural-gas
https://www.aapg.org/news-and-media/explorer/kicking-down-the-well/,professional-or-trade-body,2,natural-gas
https://www.academia.edu/29145599/The_Roman_Hypocaust_Heating_System_Calculations_and_thoughts_about_construction_performance_and_function,peer-reviewed,2,hypocaust
https://www.arrl.org/fcc-license-counts,professional-or-trade-body,2,radio
https://www.asimov.press/p/aspirin,blog-or-personal-compilation,1,aspirin
https://www.asml.com/en/products/euv-lithography-systems,corporate-or-interested-party,1,integrated-circuit
https://www.atlanticcouncil.org/content-series/the-5x5/the-5x5-the-xz-backdoor-trust-and-open-source-software/,corporate-or-interested-party,2,computer
https://www.bayer.com/en/history/felix-hoffmann,corporate-or-interested-party,1,aspirin
https://www.bipm.org/documents/20126/27314082/cc-publication-ID-501.pdf/addd563b-71e6-8e1c-a960-fb37b8fd5e55,official-legal,2,kilogram
https://www.bipm.org/en/committees/cg/cgpm/1-1889/resolution-1,official-legal,1,kilogram
https://www.bipm.org/en/committees/cg/cgpm/26-2018/resolution-1,official-legal,1,kilogram
https://www.bipm.org/en/mass-metrology/ipk,official-legal,1,kilogram
https://www.bipm.org/en/si-base-units/kilogram,official-legal,3,chain-map kilogram
https://www.britishmuseum.org/collection/galleries/greece-minoans-and-mycenaeans,museum-archive-library,1,evidence-strip
https://www.caixinglobal.com/2017-01-10/china-steelmaker-finally-puts-the-ball-in-ballpoint-pen-101042333.html,news-media,1,ballpoint
https://www.cambridge.org/core/journals/historical-journal/article/royal-society-and-the-prehistory-of-peer-review-16651965/93B903FD4D6561AA7224C62EE57B0C18,peer-reviewed,1,evidence-strip
https://www.cambridge.org/core/journals/international-journal-of-law-in-context/article/abs/receiving-the-swiss-civil-code-translating-authority-in-early-republican-turkey/870523755C8D09C5F157C0FB8E0DA03C,peer-reviewed,1,roman-law
https://www.cambridge.org/core/journals/journal-of-roman-archaeology/article/abs/cheap-fast-good-the-roman-glassblowing-revolution-reconsidered/4118C6A250083B0331819FA8287BD64C,peer-reviewed,2,glassblowing
https://www.ccel.org/ccel/schaff/npnf201.iv.vi.iv.xxxvi.html,museum-archive-library,1,codex
https://www.chemistryworld.com/opinion/marshs-wires-and-the-birth-of-the-toaster/4019457.article,news-media,1,toaster
https://www.chinadaily.com.cn/china/2017-01/10/content_27914009.htm,news-media,1,ballpoint
https://www.computerhistory.org/babbage/modernsequel/,museum-archive-library,1,computer
https://www.computerhistory.org/babbage/robertpeel/,museum-archive-library,1,computer
https://www.computerhistory.org/siliconengine/all-semiconductor-solid-circuit-is-demonstrated/,museum-archive-library,1,integrated-circuit
https://www.computerhistory.org/siliconengine/bell-labs-licenses-transistor-technology/,museum-archive-library,2,transistor
https://www.computerhistory.org/siliconengine/conception-of-the-junction-transistor/,museum-archive-library,1,transistor
https://www.computerhistory.org/siliconengine/discovery-of-the-p-n-junction/,museum-archive-library,2,diode
https://www.computerhistory.org/siliconengine/invention-of-the-planar-manufacturing-process/,museum-archive-library,2,integrated-circuit
https://www.computerhistory.org/siliconengine/invention-of-the-point-contact-transistor/,museum-archive-library,3,transistor
https://www.computerhistory.org/siliconengine/moores-law-predicts-the-future-of-integrated-circuits/,museum-archive-library,1,integrated-circuit
https://www.computerhistory.org/siliconengine/practical-monolithic-integrated-circuit-concept-patented/,museum-archive-library,1,integrated-circuit
https://www.computerhistory.org/siliconengine/semiconductor-diode-rectifiers-serve-in-ww-ii/,museum-archive-library,2,diode
https://www.computerhistory.org/siliconengine/semiconductor-point-contact-rectifier-effect-is-discovered/,museum-archive-library,2,diode
https://www.computerhistory.org/storageengine/first-commercial-hard-disk-drive-shipped/,museum-archive-library,2,hdd
https://www.computerhistory.org/storageengine/flying-heads-improve-hdd-capacity-speed/,museum-archive-library,1,hdd
https://www.computerhistory.org/storageengine/seagate-5-25-inch-hdd-becomes-pc-standard/,museum-archive-library,1,hdd
https://www.conocophillips.com/spiritnow/story/from-pioneer-to-powerhouse-how-conocophillips-shaped-the-lng-industry/,corporate-or-interested-party,1,natural-gas
https://www.construction-physics.com/p/how-asml-got-euv,blog-or-personal-compilation,1,integrated-circuit
https://www.cs.virginia.edu/~robins/Ada_and_the_First_Computer.pdf,university-or-institute,1,computer
https://www.darpa.mil/research/programs/explainable-artificial-intelligence,official-legal,1,ai
https://www.doaks.org/resources/publications/books/de-administrando-imperio,university-or-institute,1,evidence-strip
https://www.dpma.de/english/our_office/publications/milestones/inventionsthatmadehistory/kugelschreiber/index.html,patent,1,ballpoint
https://www.ebsco.com/research-starters/history/morita-licenses-transistor-technology,museum-archive-library,1,transistor
https://www.ecfr.gov/current/title-16/chapter-II/subchapter-B/part-1210,official-legal,2,lighter
https://www.energy.gov/articles/history-electric-car,official-legal,3,electric-car
https://www.english-heritage.org.uk/learn/story-of-england/romans/roman-bathing/,museum-archive-library,2,hypocaust
https://www.europeana.eu/en/stories/how-corbie-abbeys-medieval-manuscripts-connect-to-todays-fonts,museum-archive-library,2,latin-alphabet
https://www.faber-castell.cz/-/media/Faber-Castell/brochures/en/Press/A--brief-history-of-the-pencil.ashx,corporate-or-interested-party,2,pencil
https://www.fcc.gov/media/radio/history-of-commercial-radio,official-legal,2,radio
https://www.federalregister.gov/documents/2003/04/17/03-9382/labeling-for-oral-and-rectal-over-the-counter-drug-products-containing-aspirin-and-nonaspirin,official-legal,1,aspirin
https://www.fmi.org/our-research/food-industry-facts,professional-or-trade-body,1,supermarket
https://www.forbes.com/sites/tomcoughlin/2026/02/02/c4q-2025-and-2025-hard-disk-drive-industry-update/,news-media,1,hdd
https://www.gov.uk/government/news/on-time-and-under-budget-an-all-digital-uk--2,official-legal,1,television
https://www.govinfo.gov/content/pkg/GOVPUB-PR32_400-1b58207067db7e1f9662e99d683f352f/html/GOVPUB-PR32_400-1b58207067db7e1f9662e99d683f352f.htm,official-legal,1,toaster
https://www.hagley.org/librarynews/history-making-toast,museum-archive-library,3,toaster
https://www.historyofinformation.com/detail.php?id=165,blog-or-personal-compilation,1,chain-map
https://www.historyofinformation.com/detail.php?id=639,blog-or-personal-compilation,1,computer
https://www.hurriyet.com.tr/gundem/784-bin-eserlik-dev-hazine-turkiyenin-yazma-eser-envanteri-dunyanin-en-buyukleri-arasinda-43149971,news-media,1,ottoman-script
https://www.iana.org/dnssec/ceremonies,official-legal,2,internet
https://www.iea.org/reports/global-ev-outlook-2026/executive-summary,official-legal,2,electric-car
https://www.inpi.fr/conte-ou-l-art-du-crayon-1795,patent,2,pencil
https://www.internetsociety.org/blog/2019/04/celebrating-50-years-of-the-rfcs-that-define-how-the-internet-works/,professional-or-trade-body,1,internet
https://www.internetsociety.org/internet/history-internet/brief-history-internet/,professional-or-trade-body,1,internet
https://www.invent.org/inductees/clarence-birdseye,reference-work,1,supermarket
https://www.iso.org/standard/16346.html,official-legal,2,latin-alphabet
https://www.itu.int/itu-d/reports/statistics/2025/10/15/ff25-internet-use/,official-legal,1,evidence-strip
https://www.iznik.com/tr/sayfa/iznik-vakfi,corporate-or-interested-party,2,iznik
https://www.kit.edu/kit/english/pi_2011_8434.php,university-or-institute,2,radio
https://www.lexpera.com.tr/mevzuat/kanunlar/vakiflar-kanunu-2762-1,corporate-or-interested-party,1,ottoman-vakif
https://www.lindahall.org/about/news/scientist-of-the-day/philo-farnsworth/,museum-archive-library,2,television
https://www.lk.cs.ucla.edu/internet_first_words.html,university-or-institute,2,internet
https://www.lngindustry.com/lng-shipping/19062014/first_lng_carrier_entered_service_50_years_ago_802/,news-media,1,natural-gas
https://www.mdpi.com/2624-599x/1/3/28,peer-reviewed,2,sinan
https://www.metmuseum.org/essays/roman-glass,museum-archive-library,1,glassblowing
https://www.metmuseum.org/essays/the-origins-of-writing,museum-archive-library,1,evidence-strip
https://www.metmuseum.org/met-publications/ennion-master-of-roman-glass,museum-archive-library,1,glassblowing
https://www.mevzuat.gov.tr/MevzuatMetin/1.3.1353.pdf,official-legal,4,chain-map latin-alphabet ottoman-script
https://www.moma.org/collection/works/82141,museum-archive-library,1,ballpoint
https://www.muslimheritage.com/uploads/Acoustic.pdf,blog-or-personal-compilation,1,sinan
https://www.nature.com/articles/323533a0,peer-reviewed,2,ai
https://www.nature.com/articles/nature05357,peer-reviewed,1,evidence-strip
https://www.nature.com/articles/newbio231232a0,peer-reviewed,1,aspirin
https://www.nature.com/articles/s41562-024-01912-w,peer-reviewed,1,evidence-strip
https://www.nature.com/articles/s41586-018-0514-3,peer-reviewed,1,evidence-strip
https://www.nature.com/articles/s41586-022-05160-8,peer-reviewed,1,evidence-strip
https://www.nature.com/articles/s41586-024-07566-y,peer-reviewed,2,ai evidence-strip
https://www.nature.com/articles/s41598-024-53063-7,peer-reviewed,1,evidence-strip
https://www.nist.gov/noac/technology/mass-force-and-acceleration/tabletop-kibble-balance-gram-level-mass-realization,official-legal,1,kilogram
https://www.nist.gov/si-redefinition/kilogram/kilogram-past,official-legal,1,kilogram
https://www.nist.gov/si-redefinition/kilogram/kilogram-present,official-legal,3,kilogram
https://www.nlm.nih.gov/exhibition/the-story-of-aspirin/index.html,peer-reviewed,2,aspirin
https://www.nobelprize.org/prizes/chemistry/2019/popular-information/,official-legal,1,electric-car
https://www.nobelprize.org/prizes/chemistry/2019/press-release/,official-legal,2,electric-car
https://www.nobelprize.org/prizes/medicine/1982/summary/,official-legal,2,aspirin
https://www.nobelprize.org/prizes/physics/1956/summary/,official-legal,1,transistor
https://www.nobelprize.org/prizes/physics/2014/summary/,official-legal,1,diode
https://www.nps.gov/subjects/nationalhistoriclandmarks/upload/Allaback-NHL-Final-Report-508-Compliant.pdf,official-legal,1,hypocaust
https://www.pbs.org/transistor/background1/events/symposia.html,news-media,1,transistor
https://www.pewresearch.org/data-labs/2024/05/17/when-online-content-disappears/,university-or-institute,1,evidence-strip
https://www.prnewswire.com/news-releases/wdr-completes-acquisition-of-hitachi-global-storage-technologies-142007743.html,corporate-or-interested-party,2,hdd
https://www.rfc-editor.org/rfc/rfc801.txt,official-legal,2,internet
https://www.sabah.com.tr/gundem/2018/10/31/osmanli-arsivinde-95-milyon-belge-var,news-media,1,ottoman-script
https://www.sayistay.gov.tr/reports/download/2Mgpn2MYjy-turkiye-yazma-eserler-kurumu-baskanligi,official-legal,1,ottoman-script
https://www.science.org/doi/10.1126/science.1211535,peer-reviewed,1,evidence-strip
https://www.sciencehistory.org/education/scientific-biographies/felix-hoffmann/,museum-archive-library,2,aspirin
https://www.sciencemuseum.org.uk/sites/default/files/2023-09/DE2_Technical_Description.pdf,museum-archive-library,2,computer
https://www.semanticscholar.org/paper/Sergius-Orata:-Inventor-of-the-Hypocaust-Fagan/318db85dd9b88f7e22e38fff683732c39263b066,peer-reviewed,1,hypocaust
https://www.si.edu/object/goldmans-folding-basket-carriage:nmah_1216280,museum-archive-library,1,supermarket
https://www.slub-dresden.de/en/explore/manuscripts/the-dresden-maya-codex,museum-archive-library,1,evidence-strip
https://www.smithsonianmag.com/air-space-magazine/ballpoint-pens-RAF-180955537/,news-media,2,ballpoint
https://www.smithsonianmag.com/history/industrious-grocer-1930s-wanted-make-easier-customers-buy-more-just-needed-push-180987633/,news-media,1,supermarket
https://www.smithsonianmag.com/innovation/see-inside-one-americas-last-pencil-factories-180982344/,news-media,1,pencil
https://www.smithsonianmag.com/smithsonian-institution/supermarket-scanner-changed-way-we-buy-groceries-forever-180984293/,news-media,1,supermarket
https://www.thebeliever.net/logger/vintage-tech-the-ballpoint-pen/,news-media,2,ballpoint
https://www.themarginalian.org/2011/09/28/the-toaster-project/,news-media,1,toaster
https://www.thomasthwaites.com/the-toaster-project/,corporate-or-interested-party,1,toaster
https://www.tms.org/pubs/journals/JOM/9809/Verhoeven-9809.html,peer-reviewed,1,evidence-strip
https://www.trismegistos.org/text/66369,museum-archive-library,1,roman-law
https://www.tshaonline.org/handbook/entries/new-london-school-explosion,professional-or-trade-body,2,natural-gas
https://www.turkiyeninustalari.org/tr/ustalar/hat-sanati/hasan-celebi,corporate-or-interested-party,1,chain-map
https://www.tyndalebulletin.org/article/29208-codex-roll-and-libraries-in-oxyrhynchus.pdf,peer-reviewed,1,codex
https://www.umontpellier.fr/en/articles/connaissez-vous-jacques-curie-la-piezoelectricite-dans-tous-ses-etats,university-or-institute,1,lighter
https://www.unibo.it/en/university/who-we-are/our-history/famous-people-and-students/Irnerius,university-or-institute,1,roman-law
https://www.uvm.edu/~jbailly/courses/LundquistLatinHistoryPrehistory/Wallace%20Latin%20alphabet%20from%20Clackson%202013%20Companion%20to%20the%20Latin%20Language-2.pdf,university-or-institute,4,latin-alphabet
https://www.uwyo.edu/lawlib/blume-justinian/ajc-edition-2/books/book1/Book%201-ConcerningCode.pdf,university-or-institute,2,roman-law
https://www.vgm.gov.tr/kurumsal/tarihce/kurumumuzun-tarihcesi,official-legal,2,ottoman-vakif
https://www.vgm.gov.tr/kurumsal/vakif-kayitlar-arsivi/vakif-kayitlar-arsivi,official-legal,1,ottoman-vakif
https://www.w3.org/History/1995/WWW/Paper/cern-www-conditions.txt,official-legal,2,internet
https://www5.tbmm.gov.tr/tutanaklar/KANUNLAR_KARARLAR/kanuntbmmc007/kanuntbmmc007/kanuntbmmc00701353.pdf,official-legal,1,latin-alphabet
